product_id,product_name,category,brand,base_price_inr,unit_cost_inr,is_perishable,shelf_life_days,supplier_id,supplier_lead_time_days
P001,Toned Milk 1L,Dairy,DailyDairy,56.0,40.32,1,3,SUP01,1
P002,Curd 500g,Dairy,DailyDairy,40.0,28.8,1,7,SUP01,1
P003,Paneer 200g,Dairy,DailyDairy,90.0,64.8,1,10,SUP01,1
P004,Butter 100g,Dairy,GoldenChurn,58.0,41.76,0,90,SUP01,1
P005,Cheese Slices 200g,Dairy,GoldenChurn,140.0,100.8,0,120,SUP01,1
P006,Eggs 12pc,Dairy,FarmNest,84.0,60.48,1,14,SUP01,1
P007,Cola 750ml,Beverages,FizzUp,45.0,32.4,0,180,SUP04,3
P008,Mango Juice 1L,Beverages,,110.0,79.2,0,180,SUP04,3
P009,Packaged Water 1L,Beverages,PureSip,20.0,14.4,0,365,SUP04,3
P010,Green Tea 25 bags,Beverages,LeafLine,160.0,115.2,0,540,SUP04,3
P011,Instant Coffee 100g,Beverages,BrewHouse,310.0,223.2,0,540,SUP04,3
P012,Potato Chips 52g,Snacks,CrunchCo,20.0,14.4,0,120,SUP05,4
P013,Salted Peanuts 200g,Snacks,,60.0,43.2,0,180,SUP05,4
P014,Cream Biscuits 150g,Snacks,BakeWell,35.0,25.2,0,180,SUP05,4
P015,Namkeen Mix 400g,Snacks,SpiceTrail,110.0,79.2,0,150,SUP05,4
P016,Chocolate Bar 50g,Snacks,CocoaJoy,50.0,36.0,0,270,SUP05,4
P017,Instant Noodles 4-pack,Snacks,QuickBowl,56.0,40.32,0,270,SUP05,4
P018,Basmati Rice 5kg,Staples,HarvestGold,650.0,468.0,0,540,SUP06,5
P019,Wheat Atta 5kg,Staples,HarvestGold,290.0,208.8,0,90,SUP06,5
P020,Toor Dal 1kg,Staples,HarvestGold,170.0,122.4,0,270,SUP06,5
P021,Sunflower Oil 1L,Staples,SunPress,155.0,111.6,0,270,SUP06,5
P022,Sugar 1kg,Staples,SweetLeaf,48.0,34.56,0,365,SUP06,5
P023,Iodised Salt 1kg,Staples,SeaPure,28.0,20.16,0,730,SUP06,5
P024,Vanilla Ice Cream 1L,Frozen,ChillBox,220.0,158.4,0,180,SUP03,3
P025,Frozen Peas 500g,Frozen,ChillBox,95.0,68.4,0,365,SUP03,3
P026,Frozen Paratha 5pc,Frozen,ChillBox,120.0,86.4,0,180,SUP03,3
P027,Tomatoes 1kg,Fresh Produce,Local Farms,40.0,28.8,1,5,SUP02,1
P028,Onions 1kg,Fresh Produce,Local Farms,45.0,32.4,0,20,SUP02,1
P029,Bananas 1 dozen,Fresh Produce,Local Farms,60.0,43.2,1,4,SUP02,1
P030,Apples 1kg,Fresh Produce,Local Farms,180.0,129.6,0,21,SUP02,1
P031,Bath Soap 4x100g,Personal Care,GlowCare,180.0,129.6,0,1095,SUP07,6
P032,Shampoo 340ml,Personal Care,GlowCare,320.0,230.4,0,1095,SUP07,6
P033,Toothpaste 150g,Personal Care,BrightSmile,110.0,79.2,0,730,SUP07,6
P034,Hand Wash 200ml,Personal Care,GlowCare,99.0,71.28,0,730,SUP07,6
P035,Sunscreen SPF50 100ml,Personal Care,GlowCare,350.0,252.0,0,730,SUP07,6
P036,Dishwash Liquid 500ml,Household,SparkleHome,115.0,82.8,0,730,SUP08,6
P037,Detergent Powder 1kg,Household,SparkleHome,130.0,93.6,0,730,SUP08,6
P038,Floor Cleaner 1L,Household,SparkleHome,190.0,136.8,0,730,SUP08,6
P039,Mosquito Repellent Refill,Household,NightGuard,85.0,61.2,0,730,SUP08,6
P040,Decorative Candles 6pc,Household,LumiCraft,150.0,108.0,0,1095,SUP08,6
